{"customizer_header":"1","fixed_header":"0","header_zone":{"0":{"title":"Top Bar","val":"top_bar_box"},"1":{"title":"Header Zone","val":"drop_zone_start"},"2":{"title":"Logo","val":"logo_box"},"3":{"title":"Menu","val":"menu_box"},"4":{"title":"Header Zone","val":"drop_zone_end"},"5":{"title":"Title area","val":"title_box"}},"header_image":{"src":"","id":""},"header_image_style":"none","header_image_position":"center","header_color_overlay_type":"none","header_color_overlay_opacity":"40","header_spacings":{"top":"12","bottom":"200"},"override_topbar_color":"#ffffff","override_menu_color":"#ffffff","enable_logo":"1","default_logo":"dark","logo_dark":{"src":"","id":"","is_high_dpi":"0"},"logo_light":{"src":"","id":"","is_high_dpi":"0"},"logo-dimensions":{"width":"","height":""},"logo-position":"left","logo-margin":{"top":"12","left":"0","right":"0","bottom":"12"},"logo_with_site_name":"0","logo_sticky":{"src":"","id":"","logo_sticky_is_high_dpi":"0"},"logo_mobile":{"src":"","id":"","logo_mobile_is_high_dpi":"0"},"enable_menu":"1","menu-position":"left","search_place":"right","mobile_menu_place":"left","header_outside_slider_bg_color":"#ffffff","header_outside_slider_bg_opacity":"30","menu_font_color":"#595959","menu_margin":{"top":"12","bottom":"12"},"enable_mob_menu":"1","show_header_outside_slider":"0","show_sandwich_menu":"0","wide_menu":"0","menu-stick":"0","stick_bg_color":"#ffffff","stick_bg_opacity":"30","stick_font_color":"#595959","stick-mode":"smart","stick_border":"bottom","stick_border_type":"solid","stick_border_color":"#e6e6e6","stick-shadow":"0","stick-on-mobile":"0","title_area_switcher":"0","customize-title-area":"0","header_center":"0","title_box_border":"bottom","title_box_border_type":"solid","title_box_border_color":"#e6e6e6","top_panel_switcher":"1","show_top_bar_menu":"0","top_bar_wide":"0","show_language_bar":"1","toggle-share-icon":"1","language_bar_position":"left","top_panel_text":"","top_bar_border":"bottom","top_bar_border_type":"solid","top_bar_border_color":"#e6e6e6","top_bar_bg_color":"#fafafa","top_bar_bg_opacity":"100","top_bar_font_color":"#b3b3b3","top_bar_spacings":{"top":"18","bottom":"18"},"show_side_panel":"0","side_panel":{"theme":"dark","close_position":"left","place":"menu_left","position":"left","logo_dimensions":{"width":"","height":""},"logo_position":"left","logo_dark":{"src":"","id":"","is_high_dpi":"0"},"logo_light":{"src":"","id":"","is_high_dpi":"0"},"bg_dark":{"src":"","id":""},"bg_light":{"src":"","id":""},"bg_size":"cover","bg_opacity":"50","bg_position":"cc","sidebar":"side_panel","appear":"fade","overlay_color":"#000000","overlay_opacity":"70"},"footer_sidebar":"","footer_layout":"4","footer_copyrights_text":"Copyrights","footer_fixed_style":"0","add_footer_bg_img":"0","footer_pattern":{"src":"","id":""},"footer_bg_color":"#fafafa","footer_font_color":"#b0b0b0","footer_copyrights_bg_color":"#f9f9f9","footer_copyrights_font_color":"#6f6f6f","footer_color_overlay_type":"none","footer_instagram_feed":"0","theme-first-color":"#7b6cd5","theme-second-color":"#ea8fca","theme-second-color":"#be5656","boxed_layout":"0","home-slider-type":"none","page_sidebars":{"layout":"none"},"def_blogtype":"large","blog_title":"Blog","crop_related_items":"0","def_layout_portfolio":"4","portfolio_mode":"grid","portfolio_pagination_style":"paged","portfolio_slug":"portfolio","staff_mode":"grid","def_cws_staff_layout":"4","def_cws_staff_data_to_hide":{"0":"!!!dummy!!!,deps,excerpt"},"staff_slug":"staff","def_layout_testimonials":"1","testimonials_slug":"testimonials","sidebars":{"0":{"title":"Footer"},"1":{"title":"Blog Right"},"2":{"title":"Blog Left"},"3":{"title":"Page Right"},"4":{"title":"Page Left"},"5":{"title":"Side Panel"}},"sticky_sidebars":"1","menu-font":{"font-family":"Lato","font-weight":{"0":"300"},"font-sub":{"0":"latin"},"font-type":"","color":"#483f2f","font-size":"15px","line-height":"36px"},"header-font":{"font-family":"Lora","font-weight":{"0":"regular,italic"},"font-sub":{"0":"latin"},"font-type":"","color":"#333333","font-size":"26px","line-height":"39px"},"body-font":{"font-family":"Lato","font-weight":{"0":"100,300,300italic,regular,italic,700,700italic"},"font-sub":{"0":"latin"},"font-type":"","color":"#545454","font-size":"15px","line-height":"24px"},"helper-font":{"font-family":"Lato","font-weight":{"0":"300"},"font-sub":{"0":"latin"},"font-type":"","color":"#be9656","font-size":"26px","line-height":"36px"},"show_loader":"1","breadcrumbs":"1","blog_author":"1","_theme_purchase_code":"","animation_curve_menu":"easeOutCubic","animation_curve_scrolltop":"easeInOutQuad","crop_x":"center","crop_y":"center","social_links_location":"top"}